{"cameraMode":{"drawMode":0,"name":"Shaded","section":"Shading Mode"},"sceneLighting":true,"audioPlay":false,"sceneViewState":{"showFog":true,"showMaterialUpdate":true,"showSkybox":true,"showFlares":true,"showImageEffects":true,"showParticleSystems":true},"in2DMode":false,"pivot":{"x":178.24722290039063,"y":-178.96115112304688,"z":14.467620849609375},"rotation":{"x":0.04216558486223221,"y":0.8683418035507202,"z":-0.488452285528183,"w":0.07495950162410736},"size":1008.3773803710938,"orthographic":true}